id,name,password,street_name,street_number,postal_code,city,telefon_number
1001,Trefor,xU1TcaWt0iLR,Orin,10,453550,Tukan,539-502-0149
1002,Persis,pR6sV0Bu4DDtOn$,Ohio,35770,63610-000,Mombaça,971-728-5245
1003,Oberon,sE9%8FTfDiWYm,Columbus,83377,32595,Pensacola,407-225-7304
1004,Kimbell,xC6GKA_2gbY&ESC,Oak,4953,987-0352,Susaki,692-181-7388
1005,Elsie,zF9FJTHL7p,Harbort,55007,5510,Lalmanirhat,994-997-1216
1006,Zarah,qX32fW5f_zqeW8uD,Cascade,2038,,Dindima,337-578-4102
1007,Weylin,yD9&m=qyG,Talisman,81,162160,Gvardeysk,434-652-1819
1008,Derron,vB5eNf1FJhXw!1nH,Old Shore,3202,6217,La Roxas,750-892-6896
1009,Andi,sZ57HR$dle,Carioca,98161,,Geidam,367-476-7142
1010,Wenda,rG3!XGhHR$buocmH,Cody,319,75799,Tyler,903-763-4673
1011,Arron,nI1rTboY3Iq,Oakridge,40,818-0138,Ōnojō,891-104-6725
1012,Vernice,yX4?t3BQQ6lOvB@4,Fair Oaks,1,3009,Doña Remedios Trinidad,829-364-3364
1013,Jarret,sS287ouk4bP&x1,Scoville,2,369227,Zelenchukskaya,648-406-6333
1014,Zulema,rP7=H!JQ10,Pleasure,73405,,Kīsh,329-354-7424
1015,Cami,xY6=XARF,Mallard,8,47-244,Dziergowice,415-493-4954
1016,Jemie,iD9owyvWezi,Mayfield,706,4618,El Colorado,984-927-2594
1017,Onfroi,qG3f74olKfLfAP5,Crownhardt,9627,,Faraulep,169-353-8951
1018,Nick,rJ9sqFLy4jm1dNX,Sycamore,135,76199,Karlsruhe,821-332-3399
1019,Maddie,hP0acpiU,Fairfield,28,,Zhantang,325-351-5971
1020,Cordell,kH9@7mN2l&C,Morning,85075,,Soasio,418-598-4990
1021,Renaud,gV4qP5AkX,Northridge,50668,,Cochabamba,573-137-7893
1022,Katya,eM5=v%PjLj8Cj,Daystar,96,01630,Kangar,743-514-2315
1023,Any,uR0pxHcx,Mallard,34,,Qijing,149-656-1572
1024,Terencio,hB8TYmplYhzfmT!G,Atwood,116,26360,Lāchi,502-610-6733
1025,Andria,wU9wbp49%E,Mallory,32325,,Pasuruan,908-462-5800
1026,Talya,lH7MsLA8Z,Center,8076,385129,Krasnodar,317-241-1488
1027,Nevins,kZ4E9XvssUmJ,Norway Maple,8953,262 23,Jince,837-580-3257
1028,Clemente,wR022h8BNqzXh,Annamark,5,,Longonjo,631-120-7277
1029,Sam,rU37OyOScwPoQm&,Marcy,678,671610,Barguzin,196-349-6760
1030,Eimile,uO1pnh413,Summer Ridge,72,7200-252,Reguengos de Monsaraz,709-257-8098
1031,Tannie,kG5OnnFc0FI25oT7,Bonner,9,769-0105,Kashihara,933-775-4680
1032,Selma,eB7HiV0YDzb,Burning Wood,5,89520-000,Curitibanos,237-137-5671
1033,Vera,cF1is$oeMJnuZ,Fisk,26825,1444,Heidelberg,691-116-4896
1034,Cal,bR6dg5ocHq1r_i,Schmedeman,10887,,Sumuranyar,443-406-7641
1035,Milton,qR5@!rHE2MEELdr,Miller,906,1114,Punolu,591-472-9219
1036,Candace,iO493Jv_?U,Dixon,0,31244 CEDEX,L'Union,384-572-5518
1037,Armand,lQ3ZT0abXLoUR1g,Mariners Cove,4304,,Were Īlu,896-151-9456
1038,Elle,rK3?_PN7,Meadow Vale,32868,,La Guata,840-748-4154
1039,Agnola,rB2!b9%l24,North,45,4595-075,Eiriz,248-792-1192
1040,Cathryn,aU4%_n@!q,Fordem,21,,Bajiazi,464-335-1981
1041,Molly,iP2_pGhFQ,Clarendon,73266,,Zhashkiv,695-662-9111
1042,Dell,aM0%H?Y1!h5DV,South,966,,Ḏânan,714-602-3910
1043,Ronica,dD2l3m9n!V,Hallows,87,,Dapuchaihe,436-640-9310
1044,Michal,zQ6IvUH$o,Artisan,19308,,Tingping,935-178-1572
1045,Keslie,rM5&tN60Ye,Blue Bill Park,19,,Sebina,163-517-8975
1046,Christopher,rD8%lQS5D@4AT,Declaration,795,,Mīzan Teferī,440-383-6140
1047,Adrianna,fP4AK7CoRE,Delladonna,1737,4525-013,Canedo,214-251-5566
1048,Noe,pN0pMyIe,Tennessee,83012,,Mauponggo,643-719-3957
1049,Susanne,gW0vaYj=O6iXeWv,Bartelt,43800,,Khalopyenichy,962-420-3452
1050,Zora,lT6$N4Kx@BE,Buell,8661,3450-205,Vale de Açores,904-134-4625
1051,Tedra,sJ7K3sthrHM,Heffernan,66248,14-230,Zalewo,603-495-9915
1052,Kilian,yZ8_5xBU,Roxbury,6,25050,Chapultepec,691-641-2139
1053,Jessika,sB3%ekj$kaRB_,Bayside,69,,New Kingston,810-322-9002
1054,Odilia,uE36zGd8$&S8,Goodland,96,,Yacuiba,442-431-7554
1055,Hobie,aO0twLJseQj,Mosinee,5,1196,Sydney,789-803-2297
1056,Shell,iP7%NOiN,Kenwood,9019,,Drakhtik,870-739-2876
1057,Camille,lD6$Y0K8S,Moland,21,,Afareaitu,193-945-0768
1058,Orelie,aM0RSb3q%Lo0$,Lindbergh,89,,Haoraoshan,576-388-2087
1059,Annis,rF8sXxx8Lf,Forest,4,3930,Porsgrunn,649-230-5156
1060,Reinaldo,vL0nuXPWu&Z99,Gerald,614,,Bayt Dajan,229-906-8042
1061,Dalton,sI1txeX5NGrdGXge,Manitowish,7,B4P,Wolfville,832-675-3863
1062,Kessia,mX8P2xHOArf,Golf Course,9302,30120,Bua Yai,142-524-6349
1063,Mae,wF4fnjmmx2,Del Sol,7817,,Nyinqug,988-242-4869
1064,Benjamen,rP6GLycfijCki,Mcguire,4,,Ambatondrazaka,818-359-1454
1065,Hamil,iP2o6yun&L,Straubel,192,,Sabanagrande,540-589-4367
1066,Torrence,nJ0=hEUN9Bc4&D,Crownhardt,3964,676620,Romny,295-324-4567
1067,Catarina,vT57jqvaqlu,Mendota,68,,To’rtko’l Shahri,188-650-6234
1068,Brenda,nX1kGZX493ELZ1N,Reinke,51,,Mwaya,724-396-6180
1069,Candice,nA7%JiF=,Warrior,64130,614513,Gamovo,756-244-0579
1070,Virginie,gI8tkMq2xMlYso,Thompson,257,2600,Klerksdorp,180-554-0012
1071,Deborah,yM2&kdRQZVQ,Moose,6112,,Sutukoba,225-265-9905
1072,Albie,xQ3N&jGfn,Marcy,240,26-630,Jedlnia-Letnisko,502-857-5910
1073,Coretta,tL1hTmCH7ra@$,Surrey,7,34-322,Gilowice,948-806-7480
1074,Clarabelle,aW0a9P!RLllzNS,Vera,168,11215,Brooklyn,646-452-2618
1075,Alfy,jX6d98adrb%OzYx,Crescent Oaks,670,,Trikora,657-796-0194
1076,Sampson,rE5r6P64,Lakewood Gardens,35190,71161,Shreveport,318-109-3093
1077,Del,mQ9y1xTt,Carey,1,20430,Washington,202-216-9298
1078,Aubrie,yE2&hegW0FV,Talmadge,38285,,Nanshao,777-229-2307
1079,Vaclav,lB3@G_K7Is7v4,Warner,441,78-530,Wierzchowo,537-520-8691
1080,Gwenore,bM3SQFMJitP7,Jackson,2,35600-000,Bom Despacho,201-312-6712
1081,Kandy,wD9?XNwRx2lIB,1st,5,,Nubma,612-755-2775
1082,Walden,nF6kgW!GVX,Barby,6,,Hlybokaye,815-758-7452
1083,Florina,yH7?hfRSFu3@E9,Riverside,20687,,Cemara,662-843-5635
1084,Clayson,bA45S@q=aRAawo,Glacier Hill,91,1495-048,Miraflores,116-102-2298
1085,Rubie,tX66OVqhKsh,Amoth,8228,,Kukuna,873-731-1351
1086,Doralyn,rT053QtOe7Z?=sh,Morningstar,48640,184366,Baykalovo,440-267-6233
1087,Anita,vF7bhxi4x,Graedel,2,798-1354,Uwajima,916-685-2706
1088,Lilllie,rQ3x%2_s_kY%N,Elka,899,506-2118,Shiroi,529-522-2841
1089,Petrina,hP9wPxXh00=Skwe,Ridge Oak,31980,,Nāḩīyat Saddat al Hindīyah,971-247-6754
1090,Barrie,kE0%45FIVv24SMxG,Sauthoff,790,,Spétses,759-365-2948
1091,Vittoria,oO7s@@JgEJ@DY,Old Gate,2,,Mayuge,728-837-7535
1092,Archambault,eL5BaLdR,Farmco,4657,321-4551,Mooka,602-130-9282
1093,Gordy,tZ6VSJFr,Onsgard,38723,,Mopti,832-569-8722
1094,Saloma,vC4ZROT7yz,Springs,9,04015,Zaragoza,123-877-8878
1095,Harp,wR3_0aBbo5MJ_Y,Sunnyside,5,,Rivne,341-728-8065
1096,Mariellen,yB1%egrWjiEO,Dennis,8783,,Hamilton,642-912-3038
1097,Tommie,gQ0sE&8A7WSk,Blue Bill Park,41,,Ugbokpo,655-267-2126
1098,Marje,iG65HfAaJZP,Stone Corner,8,143 31,Vårby,428-486-5045
1099,Madelena,jX4&gD9pBk6yEO,Spohn,76193,,Hengzhou,900-744-0586
1100,Michaela,aW3QB=A1vHDpJr,Ludington,5,,Cibinong Satu,655-815-7829
1101,Maynord,yY7980EM!M,Pepper Wood,390,,Şaqānis,186-259-0973
1102,Phyllys,dR0!KlmS?,Shoshone,3,65940-000,Grajaú,558-541-7113
1103,Niki,cN2pNhIaQoN,Thierer,61,,Banqiao,859-684-2945
1104,Merridie,gG02NQFRxXjCt_,Haas,149,,Igbor,370-136-8323
1105,Donielle,jC6k46EUfGqM,Monterey,633,,Sanshandao,218-922-6083
1106,Blair,pO3$741nQ,Troy,43902,,Shilong,290-818-6568
1107,Gilburt,vQ9R?a31$U0H,Marquette,90362,,Changshan,743-146-5013
1108,Giorgi,jD1I!xtChVn_,Meadow Vale,875,649193,Choya,310-790-9678
1109,Estrellita,wP6%6G2u,Merrick,383,797-1506,Nakatsu,365-709-2688
1110,Gale,kH8_cNPk,Pepper Wood,8248,,Cigebrok,580-806-3326
1111,Anthia,kX3_1GZQ7ag,Express,1,431 51,Klášterec nad Ohří,733-131-1748
1112,Erl,oK7C_rWqKuIc,Myrtle,7,,Shezë,965-304-0369
1113,Aurie,eL2X@VBR,Dixon,1,,Pomabamba,628-804-0063
1114,Maribel,eW6yB8CE&lr93EN,Merrick,33,,Jimaguayú,917-363-9140
1115,Paule,tP2?3u0=Y9Z=,Loomis,15215,91406,Van Nuys,805-613-3422
1116,Horace,hR9hhRZ$,7th,780,06-216,Sypniewo,975-361-5514
1117,Ginni,mL9bWfY9TDIBO,Knutson,39,,Keren,131-558-7743
1118,Timotheus,kB9_&ycSzEvZ&Jk,Kings,80,,Barisan,653-926-3119
1119,Seumas,lT79jrDEZ,Jenifer,272,,Triwil,848-652-2492
1120,Rodolph,bB4@0rlV,Raven,87,57-215,Stoszowice,275-365-5204
1121,Jabez,rD0u5GXZ5i@V&,Meadow Ridge,4843,342 80,Alvesta,320-714-6550
1122,Alexine,qQ2myBHL1MW,Marcy,89314,,Irákleia,924-350-4780
1123,Archibald,lK1hsq3y_gX,Cody,239,810009,Arauca,377-413-3454
1124,Mabelle,lN0eKE0Z,Northport,5,,Mongu,372-370-8001
1125,Tonia,aX6XgbROKzJUU4,Porter,4,,Dawuhan,967-798-8379
1126,Eunice,rW5j5xcc2Bbe2ot!,Old Shore,88829,,Changsha,640-290-4222
1127,Mirella,xR59eM0!p,Merchant,4,764517,Buenaventura,172-580-3811
1128,Drucie,wR6&LylgpiJZYqK1,Dottie,5819,2317,Bamban,254-442-1285
1129,Amie,qX7OUkODBO,Everett,4,6501,Pawing,947-217-4011
1130,Georg,fX7qisb0rX7tDMd,1st,7241,,Bluefields,794-559-6786
1131,Susana,pG70xCNZVp0,Sauthoff,82,32221,Nuštar,505-258-0788
1132,Rayner,aZ1xeJamB2_Tdoa,Service,626,,Ventanas,834-684-0667
1133,Anatole,lN6Fdsa%2_=LimQ,Granby,90,,Kembangkerang Lauk Timur,701-729-3047
1134,Tiphani,qN5GvFrg7n8D,Mitchell,3461,,Agnibilékrou,447-532-9094
1135,Joyan,qH7Xfin$,Annamark,58589,,Ramotswa,605-559-4059
1136,Keefe,nX3%or2OdbZHnST4,Maryland,9,,Tiebukenwusan,918-182-0490
1137,Clementina,pC6_aukEea,Barby,70133,11600,Kelaniya,814-599-9641
1138,Kipp,lT6EiJWRzz3kvvw,Golf View,51,19005,Teculután,524-142-5001
1139,Cherilynn,qW8Aro!kmO%e,Arrowood,3646,,Damietta,216-725-1655
1140,Lisette,qK3cgx9BWFLvsPpo,Glacier Hill,33075,09400-000,Ribeirão Pires,125-697-6169
1141,Ricki,gS1@uaAf18,Daystar,2,3526,Mymensingh,886-686-4264
1142,Terrell,vD5lvg8apKe,Moulton,56,15640-000,Tomé Açu,585-207-9909
1143,Kristin,iU8$7nsv@glFQ$g,John Wall,9970,2253,Destrnik,293-583-5341
1144,Konrad,xQ7iODBxzJ5oY8,Kim,73113,3604,Patpata Segundo,395-589-3592
1145,Katherine,xA6!p3ay,Spohn,94364,,Youyang,832-500-8833
1146,Susette,nV6@8Nc%,Prairie Rose,418,,Qasr Abu Hadi,535-496-1667
1147,Rollie,fT05qMv@fT$Oh0L,Thackeray,8342,,Marādah,271-941-2048
1148,Ailbert,iJ7M4v8QLgOKL=r,Swallow,3527,36810,Kuhmalahti,697-989-4263
1149,Anna,yS2!Yga$ZFtlxaV,Schlimgen,42956,,Weiyuankou,288-407-5076
1150,Cynthy,iV8fHB16,Orin,81,140093,Petrovskaya,787-129-5973
1151,Haily,hQ65nbZ$t@pu,Crest Line,58338,,Banyubang,525-755-7445
1152,Ebony,cM1Je3ltXan=w=M,Mendota,16,,Dunhou,614-653-3321
1153,Dell,cR4iZzws@3nMZ,Ludington,946,,Pocsi,193-755-4123
1154,Darcy,pW0_nH$WxnPKXFX,Kenwood,326,,Naikolan,674-384-1602
1155,Marty,vI6L7wEryvb&omD,Sunfield,4,,Poxin,384-433-4474
1156,Isacco,sJ7dZ@tU6_vf%_,Corry,777,39001,Pasvalys,224-877-3373
1157,Germaine,tR5i1Lu7pW,Onsgard,28098,,Jīt,648-403-5804
1158,Amara,vA3zXDSM1V&0R,Scoville,53,,Fukou,835-151-5086
1159,Oralia,uH4MNJOs6ik6tz,Village Green,8,59-940,Węgliniec,919-716-9306
1160,Heywood,cR6&ClSu4_Ri!u$H,Mayfield,5,,Pueblo Nuevo,745-660-4492
1161,Jean,hE1@5rg2@ygaA?Xf,Homewood,1,,Liuxiang,204-756-2585
1162,Shelby,dP1=fukpw&Ir,Rieder,11,,Peukanbada,354-506-2905
1163,Oates,bU9_bgUm75V,Canary,3351,,Lutun,258-993-3545
1164,Glynda,kV0l?S6o,Kipling,8869,,Beit Jann,881-207-1589
1165,Ethelred,vV3!J0D&zT,Autumn Leaf,3,8800-303,Tavira,633-110-3416
1166,Jerry,wP1WPth20,Warner,6,83280-000,Guaratuba,186-164-9932
1167,Bell,cG62m?tFoJ2_Z8O0,Lotheville,90176,88850-000,Forquilhinha,379-247-4465
1168,Mandie,sI2!7Ecz,Fisk,92,,Gechuan,376-857-4997
1169,Tiphany,dR0HavfKHlUQ6E,Longview,7490,,Pujiang,825-428-8143
1170,Thatcher,hP2PjY_eOy,Shelley,64054,,Guhuai,328-435-1090
1171,Judy,bE5ZnlHPvs,Algoma,3,271 01,Nové Strašecí,544-247-6353
1172,Junia,sR4DnEf6,Marcy,5,A1X,Conception Bay South,160-516-3853
1173,Hervey,sC3!Q0cpY,Huxley,2,,Toubao,635-171-1996
1174,Zechariah,bZ0McWZbDdRF__p,Judy,46,,Nanyulinxi,344-533-8802
1175,Virginie,xI7N!GY0Q,Truax,1,83448,El Alamo,680-759-2614
1176,Susana,yJ6_xe$FNOyC,Pepper Wood,602,,Aricapampa,283-813-5970
1177,Gillan,pG0dpUSDNs,Summer Ridge,7,,Hanjia,207-412-0198
1178,Marlin,hZ5s7jYzY,Linden,746,,Rajapeni,733-388-2878
1179,Claiborn,mQ9Z0sjU%iLlrDD,Stuart,4,,Lhabupu,434-225-9229
1180,Nelle,wZ11UbR$,Lakeland,78155,,Potou,736-827-4088
1181,Artemas,dG4$3fZqc0,Graceland,44,,Mlanggeng,727-413-8539
1182,Rosabelle,uP3x_?DIig?hL0a,Sommers,78,,Zhihe,123-618-7657
1183,Lida,hY8ayblWz,Becker,982,2701,Santa Catalina,305-137-2336
1184,Ruth,fX3$eaRF!ia66w,Hooker,19858,6005,Antipolo,938-401-2645
1185,Durward,iM2_R7ls,American Ash,66,,Maoyang,413-521-4389
1186,Ricard,zP3_81p0,Thompson,10,423650,Mendeleyevsk,194-648-8513
1187,Mommy,uR5l=gu4A4kKY8Pm,Lillian,711,687 23,Ostrožská Lhota,145-879-5965
1188,Toma,dK05yNahmUB3LPTn,Lakeland,3262,739 91,Jablunkov,844-985-9455
1189,Tressa,uG1gTJPt,Kropf,97,,Mīr Bachah Kōṯ,216-608-7757
1190,Noreen,gC8Hx4Qe96usu1VU,Hoard,5421,,Morcellemont Saint André,877-289-5537
1191,Tremain,dF8&cx&oMX,Bartillon,471,,Ardirejo,449-772-7795
1192,Stearne,zX8P?3tjkCQ9O,Sunbrook,77,,El Hamma,619-534-1065
1193,Gale,fY85GK6k9,Garrison,789,89000-000,Blumenau,138-266-8943
1194,Waneta,gK6%y0piYC53J=6,Nancy,98192,,Kengyuan,836-965-7388
1195,Humfrey,rJ4k=X_Y@x3,Arrowood,928,721 85,Västerås,336-828-8441
1196,Shelden,zU5_Gf3GqC,Kingsford,250,21901,Yläne,597-679-7720
1197,Pinchas,rZ7=GQ8c7F5g,Cambridge,15112,,Jiwuwu,517-548-2799
1198,Candi,iP1?V6Qa&q,Jenifer,347,1624,Hoorn,965-801-6068
1199,Lanie,hA1_2SRFg,Di Loreto,226,,Kahnūj,757-311-3693
1200,Jennee,zX8=p72v,Morrow,52949,1079,Malangabang,232-477-5250
