user_id,iter,salt,password_hash,failed_attempts,locked_until,created_at,updated_at
1002,1000,lcaIa9uZPrf1VtJMJ7QCiA==,xAWd450MkABmmKp2slF6EdP4vZFe0gvTGKCG8jO61Dc=,0,0,1783973148.071651,1784171397.071651
1003,1000,eyJI02llE4psZTgBck45AA==,nY41a3sAwBsBW+JiEfCYXYxB3snvwUg2OUscs+h4fWc=,0,0,1783762910.071651,1784367625.071651
1004,1000,kfcncKzjz6yLQN2ZWOc9fg==,p0UhSCHudW6OFRAtlAmeRA8sgNv47Q88kyG74BRI0fQ=,0,0,1782236220.071651,1782596288.071651
1005,1000,5aPQIkaDP5r0MxnCP7qtEA==,d7ad0d90OqJlcT3tNhhGqBYxX/GHmctyMCoA2TR8vn0=,0,0,1784122263.071651,1784684676.071651
1007,1000,G/NNh9pkCaltsIhXylnd3w==,+Nc/hJLh34Wf8B3tDbI8beN7nlsBU9r0pFkM55JoRic=,0,0,1783934999.071651,1784492546.071651
1008,1000,WSgGWX5x+0MrFBWoFVXwmw==,eNiQi5dRwW67+EolIQZIzU3b7j4lEABCLyamKoxlaG0=,0,0,1783501573.071651,1783679297.071651
1009,1000,VG15fByyUzxcNrSbnNoaZg==,uHOL3XBRmham89GCIqAUV0wEhCsYmRhCA98B/kGNStk=,0,0,1782836223.071651,1783203077.071651
1011,1000,lAhqmN06B+5i2dVN1zTbmA==,7DHcPdp5XxNG4VHmE7is1fWLyIMjKOyo3VTlpUpBJDU=,0,0,1783671030.071651,1784214327.071651
1012,1000,B3mon5tV3/xNLg78jVInqg==,BcY5TqFTpHGroH080kGM8mvZfEr9k1AzPGVi2Dym5wI=,0,0,1784067739.071651,1784169721.071651
1014,1000,U5uQH6BZvt8lXiTDKZ2/pg==,qMqdTx+eVJF06LK1+iUB6BamSWf5MDaiqejzGcIxMVU=,0,0,1782491074.071651,1782626675.071651
1015,1000,JtjPneEkknR10SAQYthEdg==,Bm27Y9cWiBtO8vDC29X6PZkrpao0mbt/ttsmtpT9oXc=,0,0,1784309682.071651,1784379383.071651
1017,1000,xl6r8LlRqoYx6sd9FpQHqQ==,9ugmJKfi/L0OfsP4YkN+8EGIbFt32xXYPeWEWY/RX60=,0,0,1784301737.071651,1784474989.071651
1019,1000,J9RNqZwKn4dlvbf9tiqEJA==,dbEHLgflqfSJ2xZ0RfB0VrmdVNV8eWVVsZQ7+PP4uok=,0,0,1782707277.071651,1783146336.071651
1020,1000,XlMurmH+V6Rkb2w4kLvN4Q==,CdFu+N7VcirAMLZ9jY8afJWrOY5eFkMno/QzgKye2h8=,0,0,1782946998.071651,1782970669.071651
1021,1000,ZtM4PlQiJVWvfE1ZhqDDIQ==,LhCn/gSd6bWqWbNmTAz2aEmTZRbNmjCtEWPyRJ2IYFc=,0,0,1783119766.071651,1783320339.071651
1023,1000,8hlnL3kgOY55WNAPTwkGTg==,jbMmBSA/DTOLpWg1j6Fkr5LwGWOUXjVGm+Eu3ZphwiQ=,0,0,1783600391.071651,1783774464.071651
1025,1000,s0chTIILezcoRCak57A8TA==,g60q5x5aLqhiYN+cwnMtRJ1lYs50ykCEW/k0kok5uIA=,0,0,1783736817.071651,1783935713.071651
1027,1000,SadJuJJ4ZcCve6pXhNXEDA==,R4IKfs1EU15eWNNbHL2ron2WM1qbgU1DRl6eg2dzLN4=,0,0,1782741486.071651,1782862012.071651
1029,1000,sCqFCMPkwNt2Lhwl3wY6VA==,M+UK3dJv+Z+mj7ahMCR5idssuwCykRLiOp9pQ3YXhWQ=,0,0,1783270436.071651,1783798597.071651
1030,1000,4Sv1K14522AopufKdWs6ZA==,hSiZNgpNj88g9e/OkacMEouQTiJJSdwtKATKoKcNHcA=,0,0,1782705896.071651,1782806595.071651
1032,1000,tluV02D5RYMeEdsbF60HTw==,eVFDyMv8OdR9/6zZfbsIbAb9wLtFYywE+4qb//zJie0=,0,0,1784384491.071651,1784869853.071651
1033,1000,qtXRStfFAnRIYC77HE5s7A==,y3Dnl7OZJ1uOg2q8nhmwkoqwk+V9wZCtYYnqL2CDqI8=,0,0,1782533024.071651,1782585140.071651
1034,1000,F7/0pvAXLD4vVAc9frYoag==,Dn1TOsu0ymt22s/mzEAC2Ww9RVSg+vIYUfJoYIjS16s=,0,0,1784336401.071651,1784475584.071651
1036,1000,oBdDp9/CnrhtgCq+jclI9Q==,sqWbJ8DCFJ1c/8d6GrdesR1jkDOGFwUJCyxj2CATr80=,0,0,1782615542.071651,1782958723.071651
1038,1000,vEuKkYm3nmi1BAj3rrdpWg==,RB04CUSLV2yY2wv1M0CvPZF4H8V8kBZpEYRjdZQX1mI=,0,0,1783460383.071651,1783805610.071651
1039,1000,s0pKIAAppo4a/on7hDl5DA==,2u4Hcv0GQ7xqTvcqXEbDf7hCCsb+V3oI8uzEVrpS0hs=,0,0,1784387323.071651,1784424945.071651
1040,1000,R6AgnLOTZtXkFq7L8fbTtA==,OSrEJ+f3gqJIy/JStOeG47USxhhAQvE2ukUWeTcp9/w=,0,0,1782283897.071651,1782718974.071651
1041,1000,EKOkNvu6wrjGaPXePSsrTQ==,fLJiRiHGEdEzCs9WeM3IbxjKImEOFJ5RzwKyfXC34RA=,0,0,1783110932.071651,1783331504.071651
1043,1000,2SMnvt46JV4GolBx73Mgog==,xtEBGHIMjVzI3jbX6F8qs5ucDGZtXVn1iUfpHfjR+Sc=,0,0,1783038094.071651,1783580237.071651
1044,1000,q2bK2X/7BXk3fyFIDRzH+A==,yQcrx6Do0sGKlbZa1T1HxJB1hrZi9LuGNYXeviYavzo=,0,0,1782942623.071651,1783494180.071651
1045,1000,CovHMtudrHL7iBd7cxHgMA==,dtFn1vzX/gWrVfndma+WKNYREPXTisqNfBDfGDFiu+o=,0,0,1784332168.071651,1784815576.071651
1046,1000,+scIc8fDuXBf5U3M9+MX6A==,DNXW7sbu4iJpgvcqMOV/74K9deSo46i0w1z94hhDfPg=,0,0,1783247997.071651,1783250927.071651
1048,1000,lJKnhELEA/H+7d2bJrsp+w==,r/x5QmeN1++xJMSYeAcN7728C3cgek0rpf1TAOjOHd8=,0,0,1782490821.071651,1782534402.071651
1050,1000,wb9kW6HSAZ10+2FpAGZdBQ==,SUgtJZfg9xFEIf9te01dXBSCb+0M1Q2fgejIWLO3Oak=,0,0,1783992802.071651,1784267358.071651
1051,1000,cuIiDpuFiRAdOygtIhTBzg==,EYcgLT0laZZ1FVOtFq6AnWUt4e/JSXSSBXHn/G3+iJ0=,0,0,1784010749.071651,1784586431.071651
1052,1000,ipfhw3bHbwf+GdURPq0DqQ==,IXzeEpFr+TXmjNqMgtUnzuZPvsJ5KYeVsgx68vyl9So=,0,0,1783839139.071651,1784013328.071651
1053,1000,pqOuDxRNvjHCG5HNB1vasQ==,e+am6ltNCvsrNxyUfWuJuqlYdsZ3ST6XiyPTgamutgk=,0,0,1783366547.071651,1783754425.071651
1055,1000,rPa9jun2VhXQCkLXoAzUyA==,zhRtoHWfEDDktsQKe6PmXr7/eSgWT4lJWa1DZo2Vo+0=,0,0,1784210667.071651,1784693450.071651
1056,1000,hCKOJX+FWaLg/ONWWvacmg==,SeuqfaouK00IG3AxH/kBKWO0QoXu+1KoUs+MfbVq4gA=,0,0,1784024203.071651,1784398993.071651
1059,1000,RUFG0oWg0y0Tj6yyTmuUJw==,T92eWRqH3r4Gb1NUU1y41mBnO/C53fiUjifEPa49NOo=,0,0,1783694666.071651,1784022370.071651
1060,1000,4AseAwnJDI6gPyrRd9GbJw==,MKZZi+THNi/lXH+eDhMz4QVII+eraHGXCGg0tUUd/kQ=,0,0,1783501077.071651,1783922813.071651
1061,1000,ofBX9Zw49+1wallm+eLplA==,d+Rh8aqpIcOW9b6HiaIs2y0QYk1cZwDeOsb3TzQJJQQ=,0,0,1784388674.071651,1784454532.071651
1062,1000,GxNrY1isNdW8ki80l2dxyw==,i2iaFtKW0P58XMdfiZBjAqLxHFqnFPA6HGRsVoRTxaM=,0,0,1783031601.071651,1783059935.071651
1063,1000,bXkNbtFt67lGbLd5m8dCUg==,Dn7fKqAtaFV/O4o91QP0SxljoZ8KB+YGs802sFdUrXM=,0,0,1784231342.071651,1784353133.071651
1066,1000,vGRzkJPZDe4kaho+9U/WUw==,jWX8I2aGBisSTGUqrtKaF/q0TGdVWdd2I+3/7cuaYzM=,0,0,1782291864.071651,1782512589.071651
1067,1000,Vk7GwBmD7X2ngmvJR1namg==,2CiqeMqohOZOwZWcRvVo0E0Id4ZrU4Rbvm4ur5ZiEoc=,0,0,1782888584.071651,1783372518.071651
1068,1000,CSbd9YTiN4oGzRxfy4Vxdg==,U2h9EGMYwCcFIr2NVXfN3K0IDlZi7S/t0TkwkCh1R3s=,0,0,1782800643.071651,1783215746.071651
1069,1000,9slqoaMizYkydPbTYKc7gw==,AXSIq8bFzcMiuwLYORjMzaEacaOyGRxJJ7r5vEi0Vwo=,0,0,1784218926.071651,1784493277.071651
1070,1000,LyBDquwPiIJhsNfDB0vC4Q==,x5JT8rPfXeHHVjYfjMtmLvT1CmM8gJj66/IgzEoeT0w=,0,0,1782620772.071651,1782852724.071651
1071,1000,J4qkiSlBRZv41yvSi4bnHw==,bu1c9s4DlRPpdq655DsFuVvy4xYDw2/9+GZAgbdXIuc=,0,0,1784282122.071651,1784470752.071651
1073,1000,bJuIc8bg4Q/ZVbX+9RXd2w==,7rwTgL1ky5mnL9aXtu9h/DkDZPq0fHf5UViY/tWxHXk=,0,0,1784485131.071651,1785011776.071651
1074,1000,IMQXIPJDxYy9PtAlZh6+5g==,rjbDR5NP9wp6oWJEbGakEOtbIrFWm6ugW2wjw5Aq0I8=,0,0,1782380520.071651,1782539599.071651
1075,1000,C/0aqwcCvfyAzlzD76Dqww==,DrAGTybC7xkxILbjN4p6aoSWw/Sn58o0FGGQff8J1qw=,0,0,1783736104.071651,1784165225.071651
1076,1000,eP2X3BxpdDI8JfKP8wGshg==,ckz0VIP9JDJ5EYwmAOAZpkBttB9xroLCiXQzsmHBFpA=,0,0,1784148467.071651,1784315853.071651
1077,1000,yrMZZ6w52xlCHSr0uCivGA==,6UZ/htyals6d37tqWzYZqEr3Mkgx/X+sZg0JVupVCuc=,0,0,1783446976.071651,1784039117.071651
1078,1000,lgSNo5ODi0Y71Fmw91d6pw==,mSbW61iijVv5YHXj+ng5vs0TklodxJcMPF8nSUUe4vE=,0,0,1784662275.071651,1784960440.071651
1080,1000,+btDQcdI7k4sr0/e8Tm7nA==,nWEp+RJmzhkwCoyBxw8uHLY97viZvwt9ZKcTYTY0wxA=,0,0,1783067617.071651,1783388292.071651
1081,1000,DrBznoDCtM8YaMDTlDvx4Q==,CWVGMkQS6kcoC9HJXr3lEEXloFjXo302gspmPCxJb6A=,0,0,1784406190.071651,1784779583.071651
1083,1000,Y0Ssi7fXgdIWCNiKyW4rCg==,KA+YAywI7uvFOv1kEfYsKo8LnrTiwBnzi+L510BH1UU=,0,0,1782878610.071651,1782886355.071651
1085,1000,Gn0DdoXdCGgPESuO4n6Ptg==,bVB1wktj3TlLSpes7ZY6S/JXzkcRckjpvwNNADgnFi8=,0,0,1782916120.071651,1783390754.071651
1086,1000,BVM4wc99EUi9SLYZMDS9Cw==,mhxJE+XZV1SgpWsd5V/ed0KlVC5pGX8k5Fg4AZZviIo=,0,0,1783443767.071651,1783914343.071651
1087,1000,+NUXJ9ICLPNpkWggYSMXrg==,L7TfssdSYuAMW7bqvj6k0MeR/8ko1GBcyAHFhRpaWE4=,0,0,1782702815.071651,1783070269.071651
1092,1000,xbQGAB3OdGXhZJMDq0PQsQ==,3YoDvkoHiCCwhfSPcmxvN/Hcv+qvTzBMA2F/OgfGEjg=,0,0,1783794674.071651,1784362450.071651
1093,1000,sWM54V79FgFOSKA93XzzPg==,6C3FDppamDlaujRsOl31vEVHoqu9qDjQQjXjvebKS5Q=,0,0,1784220016.071651,1784589229.071651
1095,1000,SA2xzVyprA+XLFGC8TI4KQ==,9MNKKMbG52wtb2BVtVoevbGLtbvcYxjXN5/R87STwRw=,0,0,1782439320.071651,1782701206.071651
1096,1000,Qp7Do6MGa6HQWjpXDmcbKg==,qYU9W2o105xznmLSrNle/RdPha/egd6wsMAj7qIYUN4=,0,0,1784534484.071651,1784796964.071651
1097,1000,HhayCKnLVRdG0m68YV3WrQ==,u9y7QZ5nF7nxRuiYkc0qraJle+qkooRRX/9d2ouMC2M=,0,0,1784528107.071651,1784847590.071651
1102,1000,MgTmUDIKgxju2hrdSQR9ig==,7sgyxybe2X5U7F8THkarh6sEHK2USZUWlhEUaxk1gzU=,0,0,1784234040.071651,1784797222.071651
1103,1000,OrzY8pa6dCuNm1c25WZtLQ==,+UA+R9INP6kGRvBiYvFfWo8jqoW9he9KX1AsVKfyQ3g=,0,0,1784215016.071651,1784436195.071651
1106,1000,3kbM4UK+92S+kSzoiF5SIg==,3FvNYf5qIJ6GtklVdYrmn2psyg+MTC0HebVAUTW21QI=,0,0,1783217756.071651,1783461315.071651
1107,1000,v0Awv79R6cDgcLfOvA4uxA==,FXy8U6+QVByMkvSuZcDreASJOxhDGaM/mLh828ZwFTE=,0,0,1782471939.071651,1782516022.071651
1109,1000,eJyo3/pGtPYuJ99zpcOqUg==,7v6/ud0LjBCSQ59OUEmUHJcyWkZD7LYCMPYjXZRnnfw=,0,0,1783249913.071651,1783743910.071651
1110,1000,uDEOEGYuqumrDyPNy0W+jg==,Lk+wt5MvmK3oqD/hSY/Th/LVoBJqBUCf4w1f0dPuIw8=,0,0,1784740042.071651,1784890058.071651
1111,1000,ApldiZExCs7zBObSOVqK2Q==,rb0n2LKFWeiJ46XfpHkS5Pink+cZim6JharlRWr9tjU=,0,0,1783364364.071651,1783760413.071651
1112,1000,zLVRhijFUomOP68MydmsCA==,+U4OiiK3x2/fQgbgkMgitMk1cMUv3z+WSQMJ0TQ3dzs=,0,0,1784203887.071651,1784644256.071651
1113,1000,o1TA1T/s4V+VGRuwUnXbQw==,ETFasKp4RUitTlGx2qLTLSW7BZEsSEG0f6mzEaYUIHw=,0,0,1784721688.071651,1785276933.071651
1114,1000,W8fyn10p11e1lLewHRqS7A==,5GcewibM4ExQqYtQLJ2pUg76Nx5ZARtMMjyFeH6Imio=,0,0,1783546265.071651,1784121597.071651
1115,1000,5d/203TiooH6lqatE7+dGA==,1Fq+BgJqqtBjHHrRO8pogTktcgc/QMnv5D3yigt0cq4=,0,0,1783614158.071651,1783991935.071651
1117,1000,VkaWX8gC2d+B/StUiMq36w==,0uBDXHolR/l557l+sBnrfW/Vp+0XZR51a82lM8mL2io=,0,0,1782466904.071651,1782566868.071651
1118,1000,FvnHH4M3iQEBKfUY4bJjOg==,KYjdWxr8QXQtPex7bXfyyuzAVqWQV4fw0li/eP+MVQ0=,0,0,1782903762.071651,1783172288.071651
1119,1000,8aVF5ynRexmrOer7K0sjYg==,Z2KSVEvVpjnrJdTASh/Mv9CQSHetv4lANWYimUtPIDM=,0,0,1783467701.071651,1783932436.071651
1120,1000,lgtwmJ966KUFAVFVer9sqQ==,X8oenFrIHU2+U2+Sb5jS78X4UiUgqJ+3dvPLcXCFaas=,0,0,1783721006.071651,1784202633.071651
1121,1000,Zxqkd2SrVHuxnSXnlT8S8Q==,dxU4q1J8P4lUYlQJ7M/sB1FOiE5gyztTtN9+aFHBOMA=,0,0,1783109637.071651,1783221026.071651
1122,1000,I3OdRIG0oJ8R5I5wB4jXwQ==,lNQjk/HCUOSJxAzgjQZhVUwXdrM92v7lUMflJpuJs8A=,0,0,1784612671.071651,1784632476.071651
1123,1000,ZwqXnMrf2pCezTQpju7ZkA==,gYDHGoCNJ/D/b/jag6KyNHdjtTzDheYztNqOAbKcUhE=,0,0,1783653639.071651,1783915695.071651
1124,1000,htnBv+5zgXzMSD+B1a7riw==,6Y+f+chdOkjN/PlWuOFvT7UKWiENokvav5UkpQekGgQ=,0,0,1784721640.071651,1784885619.071651
1125,1000,5R2rwUtcymqIe/p7jaAJgw==,S/gAGoP5MXrI/rZ1cbsApFrl2biJ1OBYc/h9QJLekYE=,0,0,1782917420.071651,1783074496.071651
1126,1000,MhtkG6+dWOac06Evrgc7gA==,qgFXTbtAvlKw8kOkq1A0fVcS5WRx4aBW2eXyrN+zNlo=,0,0,1784523767.071651,1784734098.071651
1127,1000,1+baIrfqWyIJxoCHow/G5Q==,yJcjJYViPv2+70TVz0gA6XKwUKpB8xvjtsfZKampOf8=,0,0,1783827495.071651,1784184787.071651
1128,1000,s+qNndQodpQlBvybm0nvsA==,OTiz8kWr+zPrG1nnV4CtTGdZB44NX8wta0Al6QMPZ+A=,0,0,1783947372.071651,1784235582.071651
1129,1000,OWyC8X7xtgO+uEez/BOBfA==,TRGtZ7AbcxXdTZxMHO5osDb/uKuNnk3K30rjxVw87As=,0,0,1784243874.071651,1784602389.071651
1130,1000,dfPpxvMKEkf8/5dzlfsmMg==,5ugvSCVBBIY+Zh2fL+jnaucSoOTgu/3wXoHqxTMB7Qs=,0,0,1783939967.071651,1784501679.071651
1134,1000,/i/m7+cCbybnj6oCIMwigg==,5/xZdhQr5Je1So0bFE5LyaxO+VCWd+N5/jn9+QUMAJQ=,0,0,1783028052.071651,1783447506.071651
1135,1000,AbRwTTQ8+CHe0zXG4qoOhw==,mufw9Fko0dsTTaO2ZckPID0HXRtdaeuNPTjmDNPK5/4=,0,0,1783143665.071651,1783295042.071651
1136,1000,F/A3GegkbdNoM4yVWQCAzg==,jBQoodX2+3AvUhDtEtaj3ZVp4L8rsfy8amQQ5EG9BdA=,0,0,1783311259.071651,1783797233.071651
1137,1000,mbTadEmlSY3QSLdqwNq1Zg==,znG/Edzh6zxBJi9HfEapW7OZ34F6FrZvHn7teNPa8Tc=,0,0,1784115282.071651,1784245874.071651
1138,1000,vmAO5ij6m/56QnqoLZvU3A==,/Hor+2N5asOgq+OyDcbssiCnfD2Ol13a9PXFk70SjW4=,0,0,1784120283.071651,1784207937.071651
1139,1000,OdJ6qqZjtYPq/w/gXbRR0g==,qCbG2wNDtUlWyqGYA0WQY1rnkHb2pRIT1igg5orkBD8=,0,0,1783510657.071651,1783953835.071651
1140,1000,lMIEEioKkHvL3kJ1SKYrqA==,URxf6r2pD9pXbrJJPd6LdGmflQiuHu0+Y4yBy1zWhwY=,0,0,1784183137.071651,1784251362.071651
1141,1000,h/SLquVcYYFes1V04wBK2A==,NqB951278Pwju3CWR7Ck4zl0ITB5XOKrwyXLWTlZITE=,0,0,1783666776.071651,1783991909.071651
1144,1000,Ov3/+W1paURgtHBew6DkhQ==,3dAdP+/3yjuthxRponiF/BLNG6kXT6kmj5zgAqpv9eA=,0,0,1784622658.071651,1785201199.071651
1146,1000,D4wib+fDCsXkwM/U1xJu0A==,KHmGcH4+ZQABxRZqLDBH00s4FMuweVwXh3ETVMOGVAQ=,0,0,1782367438.071651,1782852309.071651
1147,1000,kRR1eP385rlE/2Nubrcziw==,Y2jslCc9qMwcIq9wtootX1JhcGircQ0JhuA7/supiow=,0,0,1782440782.071651,1782468513.071651
1148,1000,9GLu4Xo6FJQfIiAiNofbPQ==,8+yUzH0CafkWmjdHsS7soLQnM/1Z1SsKPb77PtmS9Mo=,0,0,1784567572.071651,1784763019.071651
1149,1000,CSEG//a9ZBIZ3Fwoyqs6aQ==,kWtOz+AJPzOQGXAMjgwIQged0oldfKPT3zKbW/aLKFs=,0,0,1784090317.071651,1784477552.071651
1150,1000,BLdE5GC3wQ4ZMtm+5u4jWg==,gki0JNcA4m21nOPasFBha8GAayb2LQa/liV2ppVpjqE=,0,0,1782283567.071651,1782757801.071651
1151,1000,sst3oR9JUpKQvq9/VchAhQ==,qqU1BjE6IxT0rPpar0lxgj3UnDUWoPKxWeS7XhL6sJo=,0,0,1784302627.071651,1784855486.071651
1152,1000,G2oJf3xXoLeXO5t1rIdfJA==,tIiwXkYBaEqMnDs4RTcISaqYz/SUQXXB6QxV8SHnTVM=,0,0,1782563369.071651,1782844729.071651
1153,1000,uhPUYCW+pdqV5v8cDZTL9A==,eqfhGDyxr9aBTy9tBhIm8wS/b9Rp0L7fXAOYx5BYcyo=,0,0,1783726224.071651,1784087520.071651
1155,1000,EVkXy5tuXElpceSzWfTxHg==,9lKEEYNxx+fVYRKH6cNHj55hTp4sHRPWM+JmygzvIPY=,0,0,1784652885.071651,1784944016.071651
1156,1000,BJKKDX1tWBTT9V+0VOI8cQ==,1UkUGrtj5R0Sg9PQl4oHIzF5A3nnCgh3BuX9QR66WDU=,0,0,1782448016.071651,1782987703.071651
1157,1000,IJ8dFNje91T+PJSznOxglQ==,MnUfSdzYooYvySOG2Dk09FzSV6pKCtuAu7q19JREwho=,0,0,1784053630.071651,1784580939.071651
1158,1000,Uq/T928yZB7aHyyMkYfjvQ==,kllTvCO1ZzKuxvoGiXP5XEn+gFGDzpv8TMUxMhj82lQ=,0,0,1783291172.071651,1783750948.071651
1160,1000,oF0FQYq4LbgOogeFAeLkUw==,5e3zyXzzZ6eNR2BxHz+iABXS6aEbAbGLFaXYZzzY6d4=,0,0,1783521940.071651,1783832063.071651
1161,1000,jf9bh6Gjje0a0VhgC6UEug==,3DXN6Q9F9rmPWKzhes+h6Sn2b77FiehJgqOuNHE7XeA=,0,0,1783269791.071651,1783402442.071651
1162,1000,/ZL9XSbJapcWLCCrNBJRBw==,1nVSx4WvCcpJmWS2TmuvfX/j7QzevJV1ekkFcy7BDFI=,0,0,1783299449.071651,1783818421.071651
1164,1000,mAfVIiyofJmKkMhRs4p7sA==,vgtSRPfRU8CR0k60RRTnA+u+TSpHGqzEsOIiwsuiYiw=,0,0,1783992962.071651,1784534619.071651
1166,1000,VPGky3upQ9ki2WUaQHBVLQ==,Pti8sMF6TJ4JCCe4kSvpP9icB2mJXJGmp4PBQzKaJOw=,0,0,1784210258.071651,1784745528.071651
1167,1000,XtmiXnclVvwWvIxytsSePA==,aplom34KEMDcXjq6VoObOtWm3ukvmhCzKw0WYf4tLDk=,0,0,1783900070.071651,1784464866.071651
1169,1000,3mr/nyaAsll2lrAmffem4A==,Tozdha1FD6DSf3pFvFIEidPpfHOINlP9vmtbLSUzHIg=,0,0,1784119296.071651,1784188321.071651
1170,1000,1muwAFTZZNV2cP2M4Ci6LA==,E+iDX2vQtM+ywDgE44k0Kf/8ieWbROb9JYgS9gYul58=,0,0,1783501244.071651,1783845054.071651
1172,1000,Y+dyPUWHkihgTkZKFjZpJg==,vcLwy3wnAW8YlvMaPRf2lRQBRHBHCX0m+yEf1j6pCDw=,0,0,1783607826.071651,1783938418.071651
1173,1000,jZD9MjcrOEUIq+zfBDsfcQ==,H+HsdqfJ2U6Lmj9h+mCtkfllFJISYV1fKVrSJv1mbcE=,0,0,1782842558.071651,1783234042.071651
1174,1000,4SnblNg34BdLQqe0oZVs1A==,tjnjZuvArT2hyFVuphVxvNAdNkop+Y9d27vGD3SWLX8=,0,0,1784192870.071651,1784375067.071651
1175,1000,+8i7OjECpJQKjk5e49Z2Ww==,vlCDJi5XiOrLt8N540HNc9Be6qzNsU1LDxKZ5qtNlGw=,0,0,1783112095.071651,1783562882.071651
1176,1000,XsvSmwqH//nZ79DdV0nV8Q==,yXlFKyySKKjkziSgO8HXX5MZzIC3BTwvUI8DarNWZuU=,0,0,1783961698.071651,1784275206.071651
1178,1000,cdqK8zOPNnFzOajpoib44w==,QrEGtDWIw9Lhu6Fa0J8FRhlzJXqb+VzLh6YPdvju+34=,0,0,1784548037.071651,1784672382.071651
1179,1000,qmLlKhNcHyQZgOOT3LoPlQ==,nWVOh2oWjAL6PloV0tQzVOcexTVPVBQT3fdDcY0CV4A=,0,0,1784697359.071651,1784893109.071651
1180,1000,KA9qPbBAvNhElLnKlDfsEA==,MD9jwjKr82kzrmpZkyntZ2sUEo+HswBv2KFHiOy1VoU=,0,0,1784084711.071651,1784109717.071651
1181,1000,OaBglEWh/nT4OdKImHm1PQ==,LqpiiSzYCB93IPvcVMjbdWMsKjhHLTKB1upAbdbx9UE=,0,0,1782967903.071651,1783257235.071651
1182,1000,wqgdQX24vS6Y5gAP4ZAW+g==,6fl+53GxwbeWJhVB9StVJ//QbbjoqSYzgW1hbXQlds0=,0,0,1784527235.071651,1784959090.071651
1183,1000,kV4TnmKhz1309D7bSXwWMA==,aX11eL3c+oSHrt7LI0MzgZZ3+BFo7/VsCq2WyHG6L3I=,0,0,1784369804.071651,1784923923.071651
1184,1000,/cnTPt/Uk7ogxC7VPz9DAg==,26dyn7FDR3VlbERp/VcvBWjOZ25Qf9FIk3MJ8Vzjv1I=,0,0,1782936431.071651,1783168227.071651
1185,1000,b4hn5nH08xfe8QbmXmX3CQ==,uG6OKVeSz1Oz/EpZdm7gf0vuXFvx/oQ99G1KCqMXn8M=,0,0,1783897037.071651,1784134932.071651
1186,1000,gX3oPbnQ/3yliBRG0AdD7A==,pay+OhlW9Ocg4fNWeakip2Hku2yOqw6neSaq1mMTMyk=,0,0,1783303123.071651,1783537474.071651
1188,1000,D4O2t4HelB8JjpCOPz1hhA==,31WOfWCXtllEWUiZTzq0CGsukedLkU9itbIfOCEeO1s=,0,0,1784435520.071651,1784865701.071651
1190,1000,ErQ7d0kf3yRqTrGUMCPAKQ==,GODRGO3/H0kEFtQS9uqmcTHlXns3Mv5eeHmn56FBuXY=,0,0,1782500991.071651,1782764903.071651
1191,1000,+eYy2hDhTYA17xzMi1pxpA==,V5GUqFt/Dlj3zdVB57gNhGExAd5vbxO/pKgsSNyALe4=,0,0,1784069560.071651,1784131921.071651
1192,1000,80t6Cgk8HGwA/UqV8anBZQ==,F7Vg5sxe9n1s7omTWThGx/u1KBztNhknzSDYc0ArZ04=,0,0,1784469970.071651,1784936334.071651
1193,1000,rrUiqdmHtYcdC4fvU6gVdg==,OGY235Q1mLC9dUiJpkJoz0W2h+91ID21HTllbJz8pK8=,0,0,1784519673.071651,1784745784.071651
1194,1000,4BWgHG4EpLo4lUY0misFAA==,JrP7IEYQD0vjEM8eH03N8Ulvl9y2yfr9b6+b+P9SxAs=,0,0,1782770924.071651,1783052588.071651
1196,1000,dWIniy246kscx2A263RuHA==,OQbj2deyIshVCAt1L+cG/j9KaZZAoAHdIdSzfhcN9KI=,0,0,1784703825.071651,1785034077.071651
1197,1000,iTMm7hM0UWWeuZ4BoXAkVw==,SLuz9HTzBZLiiNuhnQu6/9bnp83n4nAjGXK8ljJsYqo=,0,0,1783303753.071651,1783707454.071651
1198,1000,dZQ9mKRNhZMGjDmrJW7FBQ==,L5yQnnXjIfq2ZoXL0NsZNv0EcEd9n6d5ZCy/y5wqYd4=,0,0,1784498350.071651,1784881934.071651
