id,name,password,street_name,street_number,postal_code,city,telefon_number,class
1001,Trefor,xU1ucaWtOeLR,Orin,10,453550,Tukan,539-502-0149,delivery
1002,Persis,banana1234,Ohio,35770,63610-000,Mombaça,971-728-5245,client
1003,Oberon,sE9%8FTfOiWYG,Columbus,83377,32595,Pensacola,407-225-7304,client
1004,Kimbell,xC6GKA_2gbY&ES9,Oak,4953,987-0352,Susaki,692-181-7388,client
1005,Elsie,zF9rJTH_7X,Harbort,55007,5510,Lalmanirhat,994-997-1216,client
1006,Zarah,qX3pfW5f_zqeJRuO,Cascade,2038,,Dindima,337-578-4102,employee
1007,Weylin,yD9&9=UIG,Talisman,81,162160,Gvardeysk,434-652-1819,client
1008,Derron,vB5aNf1FJhbw!1nw,Old Shore,3202,6217,La Roxas,750-892-6896,client
1009,Andi,sZ5THR$6le,Carioca,98161,,Geidam,367-476-7142,client
1010,Wenda,rG3!XGhH2$buooaH,Cody,319,75799,Tyler,903-763-4673,employee
1011,Arron,nI1nTbyY3Iq,Oakridge,40,818-0138,Ōnojō,891-104-6725,client
1012,Vernice,yX4?t3BQQ5lOv3@4,Fair Oaks,1,3009,Doña Remedios Trinidad,829-364-3364,client
1013,Jarret,sS2r7ouk4kP&x1,Scoville,2,369227,Zelenchukskaya,648-406-6333,employee
1014,Zulema,rP7=H!JQ10,Pleasure,73405,,Kīsh,329-354-7424,client
1015,Cami,xY6=XAR1,Mallard,8,47-244,Dziergowice,415-493-4954,client
1016,Jemie,iD9a9yvWezi,Mayfield,706,4618,El Colorado,984-927-2594,delivery
1017,Onfroi,qG3y7RolKhLfAS5,Crownhardt,9627,,Faraulep,169-353-8951,client
1018,Nick,rJ95qiNw4jm1dMX,Sycamore,135,76199,Karlsruhe,821-332-3399,employee
1019,Maddie,hP0ecx4t,Fairfield,28,,Zhantang,325-351-5971,client
1020,Cordell,kH9@7mnSl&s,Morning,85075,,Soasio,418-598-4990,client
1021,Renaud,gV4HFsAkX,Northridge,50668,,Cochabamba,573-137-7893,client
1022,Katya,eM5=v%PjLi8Cj,Daystar,96,01630,Kangar,743-514-2315,delivery
1023,Any,uR0UxHcx,Mallard,34,,Qijing,149-656-1572,client
1024,Terencio,hB8gYmplYcqPmT!G,Atwood,116,26360,Lāchi,502-610-6733,employee
1025,Andria,wU9csp49%E,Mallory,32325,,Pasuruan,908-462-5800,client
1026,Talya,lH75ssAfG,Center,8076,385129,Krasnodar,317-241-1488,employee
1027,Nevins,kZ4x9XvssUmJ,Norway Maple,8953,262 23,Jince,837-580-3257,client
1028,Clemente,wR06wHUBjqzGh,Annamark,5,,Longonjo,631-120-7277,delivery
1029,Sam,rU3iOyOSUwivQm&,Marcy,678,671610,Barguzin,196-349-6760,client
1030,Eimile,uO1Sn6413,Summer Ridge,72,7200-252,Reguengos de Monsaraz,709-257-8098,client
1031,Tannie,kG5HrnFc0F825oTK,Bonner,9,769-0105,Kashihara,933-775-4680,delivery
1032,Selma,eB7riVzYDzb,Burning Wood,5,89520-000,Curitibanos,237-137-5671,client
1033,Vera,cF1Ae$oefJUuZ,Fisk,26825,1444,Heidelberg,691-116-4896,client
1034,Cal,bR6qg5ocHq1r_i,Schmedeman,10887,,Sumuranyar,443-406-7641,client
1035,Milton,qR5@!rHE2sEIsdr,Miller,906,1114,Punolu,591-472-9219,delivery
1036,Candace,iO4K3Jv_?U,Dixon,0,31244 CEDEX,L'Union,384-572-5518,client
1037,Armand,lQ3AT0abXLoUR1g,Mariners Cove,4304,,Were Īlu,896-151-9456,delivery
1038,Elle,rK3?_PNw,Meadow Vale,32868,,La Guata,840-748-4154,client
1039,Agnola,rB2!b9%k24,North,45,4595-075,Eiriz,248-792-1192,client
1040,Cathryn,aU4%_n@!q,Fordem,21,,Bajiazi,464-335-1981,client
1041,Molly,iP2_DGhFQ,Clarendon,73266,,Zhashkiv,695-662-9111,client
1042,Dell,aM0%M?Y1!h5DT,South,966,,Ḏânan,714-602-3910,employee
1043,Ronica,dD2E3tpn!N,Hallows,87,,Dapuchaihe,436-640-9310,client
1044,Michal,zQ6JvUH$g,Artisan,19308,,Tingping,935-178-1572,client
1045,Keslie,rM5&tNWjYe,Blue Bill Park,19,,Sebina,163-517-8975,client
1046,Christopher,rD8%lQS5D@4A6,Declaration,795,,Mīzan Teferī,440-383-6140,client
1047,Adrianna,fP4IK7CpRE,Delladonna,1737,4525-013,Canedo,214-251-5566,delivery
1048,Noe,pN0aYFIe,Tennessee,83012,,Mauponggo,643-719-3957,client
1049,Susanne,gW0TtYj=O6iXAWv,Bartelt,43800,,Khalopyenichy,962-420-3452,employee
1050,Zora,lT6$N4K4@aE,Buell,8661,3450-205,Vale de Açores,904-134-4625,client
1051,Tedra,sJ7b3sShrHM,Heffernan,66248,14-230,Zalewo,603-495-9915,client
1052,Kilian,yZ8_5xBo,Roxbury,6,25050,Chapultepec,691-641-2139,client
1053,Jessika,sB3%ekj$FaZB_,Bayside,69,,New Kingston,810-322-9002,client
1054,Odilia,uE3EzGx3$&S8,Goodland,96,,Yacuiba,442-431-7554,delivery
1055,Hobie,aO0Lw8JseQN,Mosinee,5,1196,Sydney,789-803-2297,client
1056,Shell,iP7%NOjh,Kenwood,9019,,Drakhtik,870-739-2876,client
1057,Camille,lD6$Y0Y8Z,Moland,21,,Afareaitu,193-945-0768,delivery
1058,Orelie,aM09Sb3q%LxG$,Lindbergh,89,,Haoraoshan,576-388-2087,employee
1059,Annis,rF81XxxoLf,Forest,4,3930,Porsgrunn,649-230-5156,client
1060,Reinaldo,vL0cuXPWu&Z99,Gerald,614,,Bayt Dajan,229-906-8042,client
1061,Dalton,sI1XxeX5NGrdGXge,Manitowish,7,B4P,Wolfville,832-675-3863,client
1062,Kessia,mX8t2xHwArf,Golf Course,9302,30120,Bua Yai,142-524-6349,client
1063,Mae,wF4gnjmmx2,Del Sol,7817,,Nyinqug,988-242-4869,client
1064,Benjamen,rP6NLy7f5pCji,Mcguire,4,,Ambatondrazaka,818-359-1454,delivery
1065,Hamil,iP2h6yun&L,Straubel,192,,Sabanagrande,540-589-4367,delivery
1066,Torrence,nJ0=OEUN9BcZ&D,Crownhardt,3964,676620,Romny,295-324-4567,client
1067,Catarina,vT5Rcqvaqlp,Mendota,68,,To’rtko’l Shahri,188-650-6234,client
1068,Brenda,nX1QGpX49AELZ1N,Reinke,51,,Mwaya,724-396-6180,client
1069,Candice,nA7%JiF=,Warrior,64130,614513,Gamovo,756-244-0579,client
1070,Virginie,gI8XkMq2xMBYno,Thompson,257,2600,Klerksdorp,180-554-0012,client
1071,Deborah,yM2&kHRQZjQ,Moose,6112,,Sutukoba,225-265-9905,client
1072,Albie,xQ3v&vGfn,Marcy,240,26-630,Jedlnia-Letnisko,502-857-5910,employee
1073,Coretta,tL1BTmWH7rai$,Surrey,7,34-322,Gilowice,948-806-7480,client
1074,Clarabelle,aW0L9P!RLllzHS,Vera,168,11215,Brooklyn,646-452-2618,client
1075,Alfy,jX6k98adrb%yzYx,Crescent Oaks,670,,Trikora,657-796-0194,client
1076,Sampson,rE516P64,Lakewood Gardens,35190,71161,Shreveport,318-109-3093,client
1077,Del,mQ9S1WTN,Carey,1,20430,Washington,202-216-9298,client
1078,Aubrie,yE2&degW0Wo,Talmadge,38285,,Nanshao,777-229-2307,client
1079,Vaclav,lB3@G_KXIs7D4,Warner,441,78-530,Wierzchowo,537-520-8691,delivery
1080,Gwenore,bM39QFMJitP7,Jackson,2,35600-000,Bom Despacho,201-312-6712,client
1081,Kandy,wD9?XNmRROlIB,1st,5,,Nubma,612-755-2775,client
1082,Walden,nF6jgW!zVX,Barby,6,,Hlybokaye,815-758-7452,delivery
1083,Florina,yH7?DFRSFu3@09,Riverside,20687,,Cemara,662-843-5635,client
1084,Clayson,bA4pS@q=aRAawo,Glacier Hill,91,1495-048,Miraflores,116-102-2298,delivery
1085,Rubie,tX64OVq9KRh,Amoth,8228,,Kukuna,873-731-1351,client
1086,Doralyn,rT0K3QtOe7Z?=sh,Morningstar,48640,184366,Baykalovo,440-267-6233,client
1087,Anita,vF7mhji4x,Graedel,2,798-1354,Uwajima,916-685-2706,client
1088,Lilllie,rQ3w%2_s_kY%N,Elka,899,506-2118,Shiroi,529-522-2841,employee
1089,Petrina,hP9EP5dh00=Skhe,Ridge Oak,31980,,Nāḩīyat Saddat al Hindīyah,971-247-6754,delivery
1090,Barrie,kE0%45FIVS74S@xG,Sauthoff,790,,Spétses,759-365-2948,employee
1091,Vittoria,oO7a@@JwEJ@DY,Old Gate,2,,Mayuge,728-837-7535,delivery
1092,Archambault,eL5_a1dR,Farmco,4657,321-4551,Mooka,602-130-9282,client
1093,Gordy,tZ63SJFr,Onsgard,38723,,Mopti,832-569-8722,client
1094,Saloma,vC41ROT7yz,Springs,9,04015,Zaragoza,123-877-8878,employee
1095,Harp,wR3@0aBboKMJk7,Sunnyside,5,,Rivne,341-728-8065,client
1096,Mariellen,yB1%egrW5nEO,Dennis,8783,,Hamilton,642-912-3038,client
1097,Tommie,gQ0RE&8A7WSk,Blue Bill Park,41,,Ugbokpo,655-267-2126,client
1098,Marje,iG6gEfAueZP,Stone Corner,8,143 31,Vårby,428-486-5045,delivery
1099,Madelena,jX4&gD9pBk6yOO,Spohn,76193,,Hengzhou,900-744-0586,employee
1100,Michaela,aW3pB=K14HDpEr,Ludington,5,,Cibinong Satu,655-815-7829,delivery
1101,Maynord,yY7W80EM!M,Pepper Wood,390,,Şaqānis,186-259-0973,delivery
1102,Phyllys,dR0!KpHK?,Shoshone,3,65940-000,Grajaú,558-541-7113,client
1103,Niki,cN2tNhIaQnN,Thierer,61,,Banqiao,859-684-2945,client
1104,Merridie,gG0KNQFRxXjgt_,Haas,149,,Igbor,370-136-8323,employee
1105,Donielle,jC6i46bUfGqG,Monterey,633,,Sanshandao,218-922-6083,employee
1106,Blair,pO3$y41nQ,Troy,43902,,Shilong,290-818-6568,client
1107,Gilburt,vQ9a?mRc$U0H,Marquette,90362,,Changshan,743-146-5013,client
1108,Giorgi,jD1r!xtCh4R_,Meadow Vale,875,649193,Choya,310-790-9678,employee
1109,Estrellita,wP6%6G2u,Merrick,383,797-1506,Nakatsu,365-709-2688,client
1110,Gale,kH8UcNPk,Pepper Wood,8248,,Cigebrok,580-806-3326,client
1111,Anthia,kX3l1GZoqag,Express,1,431 51,Klášterec nad Ohří,733-131-1748,client
1112,Erl,oK7XLrWtKuI9,Myrtle,7,,Shezë,965-304-0369,client
1113,Aurie,eL2I@VBR,Dixon,1,,Pomabamba,628-804-0063,client
1114,Maribel,eW6EB8BE&lr9yEN,Merrick,33,,Jimaguayú,917-363-9140,client
1115,Paule,tP2?Xu0=I9l=,Loomis,15215,91406,Van Nuys,805-613-3422,client
1116,Horace,hR9nheZ$,7th,780,06-216,Sypniewo,975-361-5514,employee
1117,Ginni,mL94WfR9TfdBO,Knutson,39,,Keren,131-558-7743,client
1118,Timotheus,kB9_&wcZzEvZ&Jk,Kings,80,,Barisan,653-926-3119,client
1119,Seumas,lT75zcDEZ,Jenifer,272,,Triwil,848-652-2492,client
1120,Rodolph,bB4@07lV,Raven,87,57-215,Stoszowice,275-365-5204,client
1121,Jabez,rD0s5GXZ5irV&,Meadow Ridge,4843,342 80,Alvesta,320-714-6550,client
1122,Alexine,qQ2NyBHL1MW,Marcy,89314,,Irákleia,924-350-4780,client
1123,Archibald,lK11s03NHfN,Cody,239,810009,Arauca,377-413-3454,client
1124,Mabelle,lN0MKE0Z,Northport,5,,Mongu,372-370-8001,client
1125,Tonia,aX60gbRTKzJUm4,Porter,4,,Dawuhan,967-798-8379,client
1126,Eunice,rW535xcc2Bbe2ot!,Old Shore,88829,,Changsha,640-290-4222,client
1127,Mirella,xR5heN0!p,Merchant,4,764517,Buenaventura,172-580-3811,client
1128,Drucie,wR6&7yCgppJZEuJ1,Dottie,5819,2317,Bamban,254-442-1285,client
1129,Amie,qX7OokGDBu,Everett,4,6501,Pawing,947-217-4011,client
1130,Georg,fX7TisbTGXStDMd,1st,7241,,Bluefields,794-559-6786,client
1131,Susana,pG7txCNZVp0,Sauthoff,82,32221,Nuštar,505-258-0788,employee
1132,Rayner,aZ1neZPmB1_Kdoa,Service,626,,Ventanas,834-684-0667,delivery
1133,Anatole,lN6cSsa%S_=LimQ,Granby,90,,Kembangkerang Lauk Timur,701-729-3047,delivery
1134,Tiphani,qN52@Frg7n8D,Mitchell,3461,,Agnibilékrou,447-532-9094,client
1135,Joyan,qH7Ufnn$,Annamark,58589,,Ramotswa,605-559-4059,client
1136,Keefe,nX3%orHOdCSHnST4,Maryland,9,,Tiebukenwusan,918-182-0490,client
1137,Clementina,pC6V5ukEto,Barby,70133,11600,Kelaniya,814-599-9641,client
1138,Kipp,lT6ci8WRzz3kvv1,Golf View,51,19005,Teculután,524-142-5001,client
1139,Cherilynn,qW8Gro!kiO%e,Arrowood,3646,,Damietta,216-725-1655,client
1140,Lisette,qK3ygp9BWFLvsPpo,Glacier Hill,33075,09400-000,Ribeirão Pires,125-697-6169,client
1141,Ricki,gS1FuaAf18,Daystar,2,3526,Mymensingh,886-686-4264,client
1142,Terrell,vD5dvg8aBKW,Moulton,56,15640-000,Tomé Açu,585-207-9909,employee
1143,Kristin,iU8$7nsv@vllQ$g,John Wall,9970,2253,Destrnik,293-583-5341,employee
1144,Konrad,xQ7gUDBxzd50Y8,Kim,73113,3604,Patpata Segundo,395-589-3592,client
1145,Katherine,xA6!p3ay,Spohn,94364,,Youyang,832-500-8833,delivery
1146,Susette,nV6@PNc%,Prairie Rose,418,,Qasr Abu Hadi,535-496-1667,client
1147,Rollie,fT02qMv@fT$Oh0L,Thackeray,8342,,Marādah,271-941-2048,client
1148,Ailbert,iJ7l4v8QLgrgL=r,Swallow,3527,36810,Kuhmalahti,697-989-4263,client
1149,Anna,yS2!Yga$ZFtlxaN,Schlimgen,42956,,Weiyuankou,288-407-5076,client
1150,Cynthy,iV8MH516,Orin,81,140093,Petrovskaya,787-129-5973,client
1151,Haily,hQ62nVu$t@mu,Crest Line,58338,,Banyubang,525-755-7445,client
1152,Ebony,cM1ae3ltXen=w=x,Mendota,16,,Dunhou,614-653-3321,client
1153,Dell,cR4BZzws@3XMZ,Ludington,946,,Pocsi,193-755-4123,client
1154,Darcy,pW0_n_$jxnrKXFX,Kenwood,326,,Naikolan,674-384-1602,employee
1155,Marty,vI6S7wEryvg&ojD,Sunfield,4,,Poxin,384-433-4474,client
1156,Isacco,sJ7kZeti6_vf%1,Corry,777,39001,Pasvalys,224-877-3373,client
1157,Germaine,tR5YGLu73W,Onsgard,28098,,Jīt,648-403-5804,client
1158,Amara,vA3@mDkA1T&0R,Scoville,53,,Fukou,835-151-5086,client
1159,Oralia,uH41NJOs6ik6tz,Village Green,8,59-940,Węgliniec,919-716-9306,employee
1160,Heywood,cR6&mlSu4_RH!u$H,Mayfield,5,,Pueblo Nuevo,745-660-4492,client
1161,Jean,hE1w5rg9@ygaA?Xf,Homewood,1,,Liuxiang,204-756-2585,client
1162,Shelby,dP1=fukpw&Zu,Rieder,11,,Peukanbada,354-506-2905,client
1163,Oates,bU9_bgUm7_V,Canary,3351,,Lutun,258-993-3545,delivery
1164,Glynda,kV0f?S6o,Kipling,8869,,Beit Jann,881-207-1589,client
1165,Ethelred,vV3!J0D&zT,Autumn Leaf,3,8800-303,Tavira,633-110-3416,delivery
1166,Jerry,wP1xYthy0,Warner,6,83280-000,Guaratuba,186-164-9932,client
1167,Bell,cG6im?OFvJh_Z8O0,Lotheville,90176,88850-000,Forquilhinha,379-247-4465,client
1168,Mandie,sI2!7Ecz,Fisk,92,,Gechuan,376-857-4997,delivery
1169,Tiphany,dR0JMw4XHDUZ6E,Longview,7490,,Pujiang,825-428-8143,client
1170,Thatcher,hP2NoY_eOy,Shelley,64054,,Guhuai,328-435-1090,client
1171,Judy,bE5qnlHPxs,Algoma,3,271 01,Nové Strašecí,544-247-6353,delivery
1172,Junia,sR4cnef6,Marcy,5,A1X,Conception Bay South,160-516-3853,client
1173,Hervey,sC3!Q0c5Y,Huxley,2,,Toubao,635-171-1996,client
1174,Zechariah,bZ0TcWZbDdRF2_p,Judy,46,,Nanyulinxi,344-533-8802,client
1175,Virginie,xI7u!oY0Q,Truax,1,83448,El Alamo,680-759-2614,client
1176,Susana,yJ6_xe$FNnyp,Pepper Wood,602,,Aricapampa,283-813-5970,client
1177,Gillan,pG0gpUSDNs,Summer Ridge,7,,Hanjia,207-412-0198,delivery
1178,Marlin,hZ5U7j4GY,Linden,746,,Rajapeni,733-388-2878,client
1179,Claiborn,mQ9t0jjU%iLlrDD,Stuart,4,,Lhabupu,434-225-9229,client
1180,Nelle,wZ1bUbz$,Lakeland,78155,,Potou,736-827-4088,client
1181,Artemas,dG4$3fPqc0,Graceland,44,,Mlanggeng,727-413-8539,client
1182,Rosabelle,uP3O2?DIrW?3L0F,Sommers,78,,Zhihe,123-618-7657,client
1183,Lida,hY8tyClWz,Becker,982,2701,Santa Catalina,305-137-2336,client
1184,Ruth,fX3$eaRn!iaD5w,Hooker,19858,6005,Antipolo,938-401-2645,client
1185,Durward,iM2_R7ls,American Ash,66,,Maoyang,413-521-4389,client
1186,Ricard,zP3_BqH0,Thompson,10,423650,Mendeleyevsk,194-648-8513,client
1187,Mommy,uR5U=_z4AakKY8Pm,Lillian,711,687 23,Ostrožská Lhota,145-879-5965,delivery
1188,Toma,dK0LyNVhmUq3LPTV,Lakeland,3262,739 91,Jablunkov,844-985-9455,client
1189,Tressa,uG12TJPS,Kropf,97,,Mīr Bachah Kōṯ,216-608-7757,delivery
1190,Noreen,gC87xOge9musu1VU,Hoard,5421,,Morcellemont Saint André,877-289-5537,client
1191,Tremain,dF8&cx&okX,Bartillon,471,,Ardirejo,449-772-7795,client
1192,Stearne,zX8Z?OtjkqY9O,Sunbrook,77,,El Hamma,619-534-1065,client
1193,Gale,fY8NGK6k9,Garrison,789,89000-000,Blumenau,138-266-8943,client
1194,Waneta,gK6%a0pi7C53J=6,Nancy,98192,,Kengyuan,836-965-7388,client
1195,Humfrey,rJ4b=XTY@ED,Arrowood,928,721 85,Västerås,336-828-8441,employee
1196,Shelden,zU5_Gf3a2A,Kingsford,250,21901,Yläne,597-679-7720,client
1197,Pinchas,rZ7=CQ8c7M5g,Cambridge,15112,,Jiwuwu,517-548-2799,client
1198,Candi,iP1?V6Qa&q,Jenifer,347,1624,Hoorn,965-801-6068,client
1199,Lanie,hA1_2CRFg,Di Loreto,226,,Kahnūj,757-311-3693,delivery
1200,Jennee,zX8=p3UA,Morrow,52949,1079,Malangabang,232-477-5250,employee
