id,name,password,street_name,street_number,postal_code,telefon_number
1001,Kellie,rG5+o1ZpRymE,Harbort,47891,273 30,182-116-1215
1002,Cynthia,rE2>V#FFi,Cherokee,2,33060 CEDEX,662-123-8967
1003,Kipp,iU8$2fcfUGkjlDU,Ruskin,5889,,162-407-0034
1004,Ivy,hA6S=0gfeUOH1X,Mifflin,24444,3332,260-277-5876
1005,Jard,mZ0%hluct,Bartillon,196,198 00,254-741-9037
1006,Clair,gV9Onu#.Iow,Park Meadow,9,91117,626-765-3775
1007,Andee,zM6wBs##2!$Bts,Annamark,269,150449,683-865-6779
1008,Gail,wK8.lM2LKM,Coleman,40,,228-395-6318
1009,Eadith,oR3WJpqhipO1pZ+5,Russell,1885,,957-712-4545
1010,Faustina,oT88Dl4k=!CVS5j4,Schmedeman,1,249716,115-651-2637
1011,Muire,yS4<K5nn!,Waywood,5,,822-305-0115
1012,Rena,oX1!6GDKCNi#U,Elka,85086,,337-200-5244
1013,Ford,xI5xwo=iwx8cK+0,Anniversary,5452,569 43,117-930-2574
1014,Mahala,hQ1OsTWO#W+jK3J3,David,4,,223-127-2861
1015,Luciano,mB0&%NY!bixKoT,Manitowish,302,,453-281-3996
1016,Rem,hH6Ff<U#w,Banding,30158,,366-435-2985
1017,Lavinia,jB48>2c0,Elka,31,,258-387-2651
1018,Kincaid,pX1&Z5XHT$Q#G,Kennedy,3,,318-716-8017
1019,Lynelle,sZ5@Hkp@F@6xr5,Kropf,442,4835-541,488-835-4650
1020,Kass,sP2_qBkBfYY,Karstens,143,543058,358-637-1742
1021,Millard,hS6aDoiNT>$I,Grasskamp,8,114 89,326-605-3238
1022,Caterina,hX8Y11_KDJBZbxgc,Hooker,321,,217-416-6048
1023,Kendricks,nJ9lhVJe#,Grim,3,,643-263-8298
1024,Eveline,qK1VnIKCzZtS6w,Lotheville,6,932-0056,207-482-1077
1025,Coriss,gU2&nkJMW2$9,Kings,90043,52212,984-552-0548
1026,Aubree,rV8%AqQr+P7Wh,Ilene,4,2509,733-658-4508
1027,Brenden,sV0>h8MsKXW,Arkansas,95734,D06,530-242-7517
1028,Zebulen,dF5Bcvx0,American Ash,3,,212-369-4391
1029,Doris,mN1@wh9d,Haas,24986,7740,844-580-9137
1030,Milton,eM6%2b+ga0l5eAdD,Randy,7915,B12,868-930-8941
1031,Bambie,cQ8_q7lnSuM,Mallard,7,369-0137,731-822-6906
1032,Lothario,vL5>u@LWC6&A,Village,6,815 24,666-541-0193
1033,Elston,dF0r1l7KtPkGCU,Northfield,731,44815 CEDEX,894-267-1931
1034,Hoyt,rR9&&F>pSd7AR,Mallory,198,473029,525-384-7241
1035,Rosamund,pY1$Us08u,Crescent Oaks,29684,,411-353-0694
1036,Leonie,rO7XF0ROB5zyB$,Heath,26,,394-820-4903
1037,Clarine,jG9cBe6%56y,Riverside,85766,43150,243-978-1645
1038,Ferris,aT1oB6d21YPJsxT,Basil,6,,849-261-6993
1039,Fay,cY3<7fH1d8?d3C,Vera,118,8421,317-218-0322
1040,Maude,pA12sG_tB&twC_,American,90,3300,306-683-5020
1041,Lacee,tC55NiRq,Delaware,55089,,947-211-5895
1042,Aldridge,fJ0gq.B$6Ui9@,Blackbird,95742,57990,179-548-0908
1043,Susan,iE9@uKdUKo#RN.,Sommers,602,,497-651-3569
1044,Blakeley,jZ3lcaY%Ie?2b!6,Main,72609,,837-392-1254
1045,Worth,uY1VDE=4#TBx,Schmedeman,76,,549-922-9961
1046,Gonzales,oE8HtBWVv4AHNlhC,Algoma,8,,745-142-1060
1047,Nari,sM6%%Z>wEzc3!$q,Sunfield,968,0591,286-159-9998
1048,Augustina,cD4k_XNXw,Badeau,817,,735-225-5229
1049,Veronique,hK3!uwJ?ZKxx8pDM,Trailsway,0,663019,660-189-6002
1050,Edgard,oW6PKA!XPV,Laurel,2,,646-953-7442
