id,first_name,last_name,user_name,password,city
1001,Mord,Gaish,mgaish0,qP6)=Y62T,Tha Ruea
1002,Charmine,Tiltman,ctiltman1,eE5{y2SctAaPd,Santo Tomas
1003,Kaila,Blampy,kblampy2,cN1`6<UYOw$b?,Francistown
1004,Lonnie,Twelvetrees,ltwelvetrees3,iM3{oa\)E9wMsrd?,Khlong Yai
1005,Robinetta,Simmank,rsimmank4,"gV8+pv""f~a1i3yos",Limbangan
1006,Marleah,Trevains,mtrevains5,mG1=PoNB,Brengkok
1007,Greg,Vice,gvice6,"uI5#/I{0A},=/t4A",Huntington Beach
1008,Claudell,Patron,cpatron7,bW9{xh#N,San Fernando
1009,Clemente,Binstead,cbinstead8,fT8.tw.niXn#Bay,Diapaga
1010,Dorry,Sherbourne,dsherbourne9,"kN7'`s,BBbke",Kinh Môn
1011,Harrietta,Tasch,htascha,gG1{yya~g4<S,Pandi
1012,Rebeka,Oxherd,roxherdb,"lE8$fYbm!T$~w""2",Baños
1013,Gradeigh,Gayter,ggayterc,"iB3}8znFb@+x=I,Q",Digah
1014,Olly,MacMurray,omacmurrayd,"lY0@mf""/=",São Bento
1015,Aridatha,Paskin,apaskine,jD9.F9N#=hS!,Jinchuan
